INSERT INTO public.movies(movie_id, title, actors, age_limit, budget, country, description, director, fees, lasting, film_year, image_url)
VALUES
('a809b6f0-c4d2-4cdd-b486-d3805b3f36dc', 'Интерстеллар', 'Мэттью Макконахи, Энн Хэтэуэй', 12, '$165 млн.', 'США', 'Команда исследователей отправляется сквозь червоточину, чтобы исследовать планеты, пригодные для колонизации людьми.', 'Кристофер Нолан', '$675 млн.', 169, 2014, 'https://m.media-amazon.com/images/M/MV5BZjdkOTU3MDktN2IxOS00OGEyLWFmMjktY2FiMmZkNWIyODZiXkEyXkFqcGdeQXVyMTMxODk2OTU@._V1_.jpg'),
('35173c09-fa51-41c2-a076-e1865c637278', 'Начало', 'Леонардо Ди Каприо, Джозеф Гордон-Левитт', 13, '$160 млн.', 'США', 'Профессиональный вор крадёт ценные идеи прямо из подсознания во время сна.', 'Кристофер Нолан', '$825 млн.', 148, 2010, 'https://upload.wikimedia.org/wikipedia/en/2/2e/Inception_%282010%29_theatrical_poster.jpg'),
('6aeb12ff-28b7-42a0-9212-6e41a1179436', 'Матрица', 'Киану Ривз, Лоуренс Фишберн', 16, '$63 млн.', 'США', 'Программист обнаруживает, что мир вокруг него — симуляция, управляемая искусственным интеллектом.', 'Лана и Лилли Вачовски', '$463 млн.', 136, 1999, 'https://www.movieposter.com/posters/archive/main/9/A70-4902'),
('08644aad-bebb-45e7-adcd-ae57c15b4aab', 'Титаник', 'Леонардо Ди Каприо, Кейт Уинслет', 13, '$200 млн.', 'США', 'Романтическая драма о любви пассажиров первого класса на борту Титаника перед катастрофой.', 'Джеймс Кэмерон', '$2,2 млрд.', 194, 1997, 'https://images-na.ssl-images-amazon.com/images/I/51BqXXwRLWL._AC_SY445_.jpg'),
('b3103e13-4542-4b81-b8c9-8f22825e0272', 'Форрест Гамп', 'Том Хэнкс, Робин Райт', 12, '$55 млн.', 'США', 'История простого парня Форреста Гампа, пережившего важные события американской истории XX века.', 'Роберт Земекис', '$677 млн.', 142, 1994, 'https://upload.wikimedia.org/wikipedia/en/6/67/Forrest_Gump_poster.jpg'),
('2a423081-0342-4155-abac-0194e3022aef', 'Властелин колец: Возвращение короля','Илайджа Вуд, Вигго Мортенсен', 12, '$94 млн.', 'Новая Зеландия', 'Финальная битва за Средиземье против Саурона.', 'Питер Джексон', '$1,119 млрд.', 201, 2003, 'https://resizing.flixster.com/YngrBlzIGpATvHEWT_Dk4hEQvDg=/fit-in/200x300/v2/https://flxt.tmsimg.com/assets/p235_p_v8_aa.jpg'),
('41931208-4085-4737-b169-de61e547c021', 'Зелёная миля', 'Том Хэнкс, Майкл Кларк Дункан', 16, '$60 млн.', 'США', 'Исправительная колония встречает необычного заключённого Джона Коффи, обладающего сверхспособностями.', 'Фрэнк Дарабонт', '$287 млн.', 189, 1999, 'https://m.media-amazon.com/images/M/MV5BMDE5NTI2NDctYmRlMC00NzlmLTgxYTgtNjA3NGE5ZTcwNmFlXkEyXkFqcGdeQXVyNDYyMDk5MTU@._V1_UY1200_CR90,0,630,1200_AL_.jpg'),
('27e670d6-1319-4050-bc10-4e18e09839c4', 'Темный рыцарь', 'Хит Леджер, Кристиан Бэйл', 16, '$185 млн.', 'США', 'Противостояние Бэтмена и Джокера.', 'Кристофер Нолан', '$1,004 млрд.', 152, 2008, 'https://upload.wikimedia.org/wikipedia/en/8/8a/Dark_Knight.jpg'),
('134a7408-6b52-4f45-acfd-722836883038', 'Терминатор 2: Судный день', 'Арнольд Шварценеггер, Линда Хэмилтон', 16, '$100 млн.', 'США', 'Продолжение борьбы Терминатора с угрозой Скайнета.', 'Джеймс Кэмерон', '$519 млн.', 137, 1991, 'https://upload.wikimedia.org/wikipedia/en/8/85/Terminator2poster.jpg'),
('b5bc8190-4c28-4015-99ca-5e45e7a57e43', 'Список Шиндлера','Лиам Нисон, Бен Кингсли', 16, '$22 млн.', 'США', 'Реальная история Оскара Шиндлера, спасшего тысячи евреев во время Холокоста.', 'Стивен Спилберг', '$321 млн.', 195, 1993, 'https://upload.wikimedia.org/wikipedia/en/3/38/Schindler%27s_List_movie_poster.jpg'),
('5a7989d8-6e01-43c4-85c2-dd59779e4338', 'Игры разума','Рассел Кроу, Эд Харрис', 12, '$58 млн.', 'США', 'Биографический фильм о гениальном математике Джонсе Нэше.', 'Рон Ховард', '$313 млн.', 135, 2001, 'https://i.pinimg.com/originals/f0/b4/c4/f0b4c4897196aaf783260aee7634a037.jpg'),
('c5e676b8-cefe-4821-9a56-da6e6b0310c9', 'Гладиатор', 'Рассел Кроу, Хоакин Феникс', 16, '$103 млн.', 'США', 'История римского генерала Максимуса, ставшего гладиатором.', 'Ридли Скотт', '$457 млн.', 155, 2000, 'https://upload.wikimedia.org/wikipedia/en/8/8d/Gladiator_ver1.jpg'),
('09839e76-4683-41c6-9e28-58e859e17472', 'Назад в будущее', 'Майкл Джей Фокс, Кристофер Ллойд', 12, '$19 млн.', 'США', 'Подросток путешествует назад во времени в машину своего отца.', 'Роберт Земекис', '$381 млн.', 116, 1985, 'https://upload.wikimedia.org/wikipedia/en/d/d2/Back_to_the_Future.jpg'),
('0978e2e2-2458-4108-9114-3563b6692070', 'Один дома', 'Маколей Калкин, Джо Пеши', 12, '$18 млн.', 'США', 'Приключения мальчика, оставшегося дома одного на Рождество.', 'Крис Коламбус', '$476 млн.', 103, 1990, 'https://upload.wikimedia.org/wikipedia/en/thumb/7/76/Home_alone_poster.jpg/220px-Home_alone_poster.jpg'),
('9c12b2c4-7e72-4484-b516-b3055e4413f7', 'Чужой','Сигурни Уивер, Том Скерритт', 18, '$11 млн.', 'Великобритания', 'Космический экипаж сталкивается с враждебным существом.', 'Ридли Скотт', '$104 млн.', 117, 1979, 'https://upload.wikimedia.org/wikipedia/en/c/c3/Alien_(1979)_theatrical_poster.jpg'),
('3e3a6a44-6674-4235-9083-022f52b68cdb', 'Молчание ягнят', 'Джоди Фостер, Энтони Хопкинс', 16, '$19 млн.', 'США', 'Психологический триллер о расследовании серийных убийств.', 'Джонатан Демме', '$272 млн.', 118, 1991, 'https://upload.wikimedia.org/wikipedia/en/8/86/The_Silence_of_the_Lambs_poster.jpg'),
('72855986-7a52-4638-b407-ed61aed87359', 'Побег из Шоушенка', 'Тим Роббинс, Морган Фриман', 18, '$25 млн.', 'США', 'Заключённый проводит годы в тюрьме, мечтая сбежать.', 'Фрэнк Дарабонт', '$58 млн.', 142, 1994, 'https://upload.wikimedia.org/wikipedia/en/8/81/ShawshankRedemptionMoviePoster.jpg'),
('99e38791-65c7-47a9-9e31-7e31a77613b8', 'Апокалипсис сегодня', 'Марлон Брандо, Мартин Шин', 18, '$31,5 млн.', 'США', 'Фильм о капитане армии США, направленном убить полковника Курца.', 'Фрэнсис Форд Коппола', '$148 млн.', 153, 1979, 'https://upload.wikimedia.org/wikipedia/en/c/c2/Apocalypse_Now_poster.jpg'),
('51439922-1a02-4224-8365-89408727e0a7', 'Красота по-американски', 'Кевин Спейси, Анна Пакуин', 18, '$15 млн.', 'США', 'Средневозрастный кризис мужчины среднего возраста.', 'Сам Мэндес', '$356 млн.', 122, 1999, 'https://upload.wikimedia.org/wikipedia/en/9/9f/Americanbeauty.jpg');

INSERT INTO public.genres(id, name)
VALUES
('3b781828-f329-4785-aecd-08d9b9f3d27c', 'Научная фантастика'),
('b4e44ca7-7b96-4d12-aed3-08d9b9f3d27c', 'Приключение'),
('5fb99899-1833-4e9e-aed7-08d9b9f3d27c', 'Триллер'),
('279e470a-11dc-46e2-aeda-08d9b9f3d27c', 'Экшн'),
('149e470a-11dc-43e2-aeda-08d9b9f3d27c', 'Мелодрама'),
('1b481823-f329-4785-aecd-08d9b9f3d27c', 'Драма'),
('361e470a-11dc-46e2-aeda-08d9b9f3d27c', 'Исторический'),
('229e470a-11dc-46e2-aeda-08d9b9f3d27c', 'Комедия'),
('291e470a-11dc-46e2-aeda-08d9b9f3d27c', 'Биография'),
('119e470a-11dc-46e2-aeda-08d9b9f3d27c', 'Военный'),
('209e470a-11dc-46e2-aeda-08d9b9f3d27c', 'Ужасы'),
('379e470a-11dc-46e2-aeda-08d9b9f3d27c', 'Детектив'),
('109e470a-11dc-46e2-aeda-08d9b9f3d27c', 'Семейный'),
('439e470a-11dc-46e2-aeda-08d9b9f3d27c', 'Фэнтези');

INSERT INTO public.movie_genres(movie_id, genre_id)
VALUES
('a809b6f0-c4d2-4cdd-b486-d3805b3f36dc', '3b781828-f329-4785-aecd-08d9b9f3d27c'),
('a809b6f0-c4d2-4cdd-b486-d3805b3f36dc', 'b4e44ca7-7b96-4d12-aed3-08d9b9f3d27c'),

('35173c09-fa51-41c2-a076-e1865c637278', '3b781828-f329-4785-aecd-08d9b9f3d27c'),
('35173c09-fa51-41c2-a076-e1865c637278', '5fb99899-1833-4e9e-aed7-08d9b9f3d27c'),

('6aeb12ff-28b7-42a0-9212-6e41a1179436', '3b781828-f329-4785-aecd-08d9b9f3d27c'),
('6aeb12ff-28b7-42a0-9212-6e41a1179436', '279e470a-11dc-46e2-aeda-08d9b9f3d27c'),

('08644aad-bebb-45e7-adcd-ae57c15b4aab', '149e470a-11dc-43e2-aeda-08d9b9f3d27c'),
('08644aad-bebb-45e7-adcd-ae57c15b4aab', '361e470a-11dc-46e2-aeda-08d9b9f3d27c'),

('b3103e13-4542-4b81-b8c9-8f22825e0272', '229e470a-11dc-46e2-aeda-08d9b9f3d27c'),
('b3103e13-4542-4b81-b8c9-8f22825e0272', '1b481823-f329-4785-aecd-08d9b9f3d27c'),

('2a423081-0342-4155-abac-0194e3022aef', 'b4e44ca7-7b96-4d12-aed3-08d9b9f3d27c'),
('2a423081-0342-4155-abac-0194e3022aef', '439e470a-11dc-46e2-aeda-08d9b9f3d27c'),

('41931208-4085-4737-b169-de61e547c021', '1b481823-f329-4785-aecd-08d9b9f3d27c'),

('27e670d6-1319-4050-bc10-4e18e09839c4', '5fb99899-1833-4e9e-aed7-08d9b9f3d27c'),
('27e670d6-1319-4050-bc10-4e18e09839c4', '279e470a-11dc-46e2-aeda-08d9b9f3d27c'),

('134a7408-6b52-4f45-acfd-722836883038', '279e470a-11dc-46e2-aeda-08d9b9f3d27c'),
('134a7408-6b52-4f45-acfd-722836883038', '3b781828-f329-4785-aecd-08d9b9f3d27c'),

('b5bc8190-4c28-4015-99ca-5e45e7a57e43', '119e470a-11dc-46e2-aeda-08d9b9f3d27c'),
('b5bc8190-4c28-4015-99ca-5e45e7a57e43', '291e470a-11dc-46e2-aeda-08d9b9f3d27c'),
('b5bc8190-4c28-4015-99ca-5e45e7a57e43', '361e470a-11dc-46e2-aeda-08d9b9f3d27c'),

('5a7989d8-6e01-43c4-85c2-dd59779e4338', '291e470a-11dc-46e2-aeda-08d9b9f3d27c'),
('5a7989d8-6e01-43c4-85c2-dd59779e4338', '1b481823-f329-4785-aecd-08d9b9f3d27c'),

('c5e676b8-cefe-4821-9a56-da6e6b0310c9', '361e470a-11dc-46e2-aeda-08d9b9f3d27c'),
('c5e676b8-cefe-4821-9a56-da6e6b0310c9', '279e470a-11dc-46e2-aeda-08d9b9f3d27c'),

('09839e76-4683-41c6-9e28-58e859e17472', '3b781828-f329-4785-aecd-08d9b9f3d27c'),
('09839e76-4683-41c6-9e28-58e859e17472', 'b4e44ca7-7b96-4d12-aed3-08d9b9f3d27c'),
('09839e76-4683-41c6-9e28-58e859e17472', '229e470a-11dc-46e2-aeda-08d9b9f3d27c'),

('0978e2e2-2458-4108-9114-3563b6692070', '229e470a-11dc-46e2-aeda-08d9b9f3d27c'),
('0978e2e2-2458-4108-9114-3563b6692070', '109e470a-11dc-46e2-aeda-08d9b9f3d27c'),

('9c12b2c4-7e72-4484-b516-b3055e4413f7', '3b781828-f329-4785-aecd-08d9b9f3d27c'),
('9c12b2c4-7e72-4484-b516-b3055e4413f7', '209e470a-11dc-46e2-aeda-08d9b9f3d27c'),

('3e3a6a44-6674-4235-9083-022f52b68cdb', '5fb99899-1833-4e9e-aed7-08d9b9f3d27c'),
('3e3a6a44-6674-4235-9083-022f52b68cdb', '379e470a-11dc-46e2-aeda-08d9b9f3d27c'),

('72855986-7a52-4638-b407-ed61aed87359', '1b481823-f329-4785-aecd-08d9b9f3d27c'),

('99e38791-65c7-47a9-9e31-7e31a77613b8', '119e470a-11dc-46e2-aeda-08d9b9f3d27c'),
('99e38791-65c7-47a9-9e31-7e31a77613b8', '1b481823-f329-4785-aecd-08d9b9f3d27c'),

('51439922-1a02-4224-8365-89408727e0a7', '1b481823-f329-4785-aecd-08d9b9f3d27c');